name,description,productVariants:size,productVariants:color,productVariants:price,productImages:url
Africana Pen Evergreen,Description,M,White,N684,
Africana Pen Jet Black,Description,XL,Green,N556,
Africana Pen Textured Black,Description,M,Black,N558,
Bags Cabin Trunk,Description,XXL,Green,N708,
Bags Check In Trunk,Description,XXL,Yellow,N318,
Bags Cross Bag,Description,S,Blue,N156,
Bags Cross Body Camera Bag,Description,M,Green,N297,
Bags Money Bag,Description,L,White,N325,
Face Caps Africana Badge (Ghost),Description,XL,Black,N449,
Face Caps Africana Colours,Description,L,Red,N919,
Face Caps Africna Golf Club,Description,L,Blue,N746,
Face Caps Art Supply Creative Ball Cap,Description,M,Green,N179,
Face Caps Berets,Description,XXL,Blue,N947,
Face Caps Bucket Hat,Description,M,Yellow,N305,
Face Caps Cap 10,Description,XL,White,N339,
Face Caps Cap 16,Description,L,Yellow,N967,
Face Caps Cap 2 - Circle Logo,Description,XL,Black,N724,
Face Caps Cap 7,Description,S,Red,N246,
Face Caps Cap 8,Description,XL,Black,N334,
Face Caps Cap 9,Description,M,Red,N577,
Face Caps Customizable,Description,S,Black,N693,
Face Caps Nigerian Patroit,Description,XL,Green,N300,
Face Caps Sticker Cap,Description,XXL,Yellow,N228,
Face Capsa Scrip Face Cap,Description,S,Red,N137,
Flip Flops Black,Description,M,Red,N882,
Flip Flops Ghost,Description,XXL,White,N867,
Slides Alpha Slides Black,Description,XXL,Red,N223,
Slides Alpha Slides Charcoal,Description,L,Black,N196,
Slides Alpha Slides Ghost,Description,S,Green,N180,
Sweat-Shirts Art Of Life,Description,L,Yellow,N623,
Sweat-Shirts Claws,Description,S,Yellow,N174,
Sweat-Shirts Cowry Neck,Description,M,Red,N792,
Sweat-Shirts Danger,Description,XL,Red,N607,
Sweat-Shirts Fierce 2,Description,S,Yellow,N909,
Sweat-Shirts Sensei,Description,XL,Yellow,N707,
Sweat-Shirts Skull Afrique,Description,L,White,N919,
Sweat-Shirts Striker,Description,M,Black,N891,
Sweat-Shirts Tribute To Jmb,Description,S,Green,N853,
T-Shirts A Script,Description,M,Yellow,N508,
T-Shirts A.X,Description,L,Green,N922,
T-Shirts Africana Arcade,Description,S,Green,N299,
T-Shirts Africana Universe,Description,XL,White,N476,
T-Shirts Africana X 2,Description,XXL,White,N976,
T-Shirts Ape Wisdom,Description,S,Green,N823,
T-Shirts Art Of Life,Description,M,White,N577,
T-Shirts Black Power,Description,M,Black,N107,
T-Shirts Cheater,Description,L,Yellow,N606,
T-Shirts Colours X 2,Description,M,Red,N931,
T-Shirts Don_T Let Virgil Down,Description,XL,White,N259,
T-Shirts Eden X 2,Description,M,Red,N486,
T-Shirts Frames,Description,XL,Red,N622,
T-Shirts Ice Cream,Description,XL,White,N118,
T-Shirts Invest In The Youth,Description,XXL,Red,N635,
T-Shirts King Leo,Description,M,Yellow,N195,
T-Shirts King Pecker,Description,XXL,Blue,N290,
T-Shirts Lego Emblem,Description,S,White,N424,
T-Shirts Lovers Dou X 2,Description,M,Red,N881,
T-Shirts Order Of Benin Kingdom,Description,XXL,Red,N834,
T-Shirts Palm Leaves,Description,M,White,N324,
T-Shirts Pardon My French X 2,Description,S,White,N139,
T-Shirts Pure Heart,Description,M,Yellow,N823,
T-Shirts Re_Creation Of Adams,Description,L,Green,N266,
T-Shirts Ribs X 2,Description,M,Yellow,N289,
T-Shirts Robot,Description,L,Green,N609,
T-Shirts Royalty,Description,L,Blue,N984,
T-Shirts Skulls,Description,L,Blue,N863,
